PLAYER_ID,PLAYER_NAME,NICKNAME,TEAM_ID,TEAM_ABBREVIATION,AGE,GP,W,L,W_PCT,MIN,FGM,FGA,FG_PCT,FG3M,FG3A,FG3_PCT,FTM,FTA,FT_PCT,OREB,DREB,REB,AST,TOV,STL,BLK,BLKA,PF,PFD,PTS,PLUS_MINUS,NBA_FANTASY_PTS,DD2,TD3,WNBA_FANTASY_PTS,GP_RANK,W_RANK,L_RANK,W_PCT_RANK,MIN_RANK,FGM_RANK,FGA_RANK,FG_PCT_RANK,FG3M_RANK,FG3A_RANK,FG3_PCT_RANK,FTM_RANK,FTA_RANK,FT_PCT_RANK,OREB_RANK,DREB_RANK,REB_RANK,AST_RANK,TOV_RANK,STL_RANK,BLK_RANK,BLKA_RANK,PF_RANK,PFD_RANK,PTS_RANK,PLUS_MINUS_RANK,NBA_FANTASY_PTS_RANK,DD2_RANK,TD3_RANK,WNBA_FANTASY_PTS_RANK,TEAM_COUNT,PTS_per_min,AST_per_min,STL_per_min,REB_per_min,PLUS_MINUS_per_min,value_score,hidden_gem_score
1631260,AJ Green,AJ,1610612749,MIL,25.0,73,44,29,0.603,22.7,2.5,5.8,0.429,2.1,5.0,0.427,0.3,0.4,0.815,0.2,2.1,2.4,1.5,0.5,0.5,0.1,0.0,2.2,0.7,7.4,3.1,13.8,0,0,14.6,86,62,188,164,220,310,298,353,77,112,37,470,486,180,497,326,374,291,408,352,467,520,136,394,278,83,342,281,44,318,1,0.3259911894273128,0.06607929515418502,0.022026431718061675,0.10572687224669604,3.1,7.888911894273128,3.131898022026432
1630174,Aaron Nesmith,Aaron,1610612754,IND,25.0,45,29,16,0.644,24.9,4.3,8.4,0.507,1.9,4.3,0.431,1.6,1.8,0.913,0.8,3.1,4.0,1.2,0.8,0.8,0.4,0.5,2.5,1.7,12.0,4.4,21.2,0,0,21.4,318,212,369,102,182,153,173,116,104,151,34,151,194,33,256,179,195,342,306,210,231,182,52,169,147,53,193,281,44,180,1,0.48192771084337355,0.04819277108433735,0.032128514056224904,0.1606425702811245,4.4,11.07406827309237,3.9423683052208838
1630598,Aaron Wiggins,Aaron,1610612760,OKC,26.0,76,62,14,0.816,22.9,4.7,9.6,0.488,1.7,4.5,0.383,1.0,1.2,0.831,1.1,2.8,3.9,1.8,0.9,0.8,0.2,0.5,1.3,0.9,12.0,6.8,21.5,2,0,21.4,51,4,392,25,216,137,142,156,136,144,125,262,282,140,171,218,203,246,274,205,327,170,349,326,146,14,187,159,44,177,1,0.5240174672489083,0.07860262008733625,0.03493449781659389,0.1703056768558952,6.8,16.05743231441048,2.9545675458515293
1641737,Adem Bona,Adem,1610612755,PHI,22.0,58,12,46,0.207,15.6,2.3,3.3,0.703,0.0,0.0,0.0,1.2,1.7,0.67,1.6,2.6,4.2,0.5,1.1,0.4,1.2,0.2,2.2,1.6,5.8,-1.9,15.4,3,0,13.8,223,393,32,518,357,337,424,7,499,540,499,220,205,435,89,245,175,495,235,383,30,373,134,192,355,404,312,134,44,334,1,0.3717948717948718,0.032051282051282055,0.025641025641025644,0.2692307692307693,-1.9,-1.597,-1.266421
1642349,Ajay Mitchell,Ajay,1610612760,OKC,23.0,36,31,5,0.861,16.6,2.5,5.1,0.495,0.6,1.7,0.383,0.8,1.0,0.829,0.5,1.4,1.9,1.8,0.8,0.7,0.1,0.3,1.9,1.5,6.5,3.5,13.0,1,0,12.4,370,186,495,15,339,305,324,147,340,368,128,300,330,145,378,418,417,243,309,248,443,299,199,197,322,75,355,198,44,358,1,0.39156626506024095,0.10843373493975902,0.04216867469879518,0.11445783132530118,3.5,9.085361445783132,1.2628652409638554
202692,Alec Burks,Alec,1610612748,MIA,33.0,49,26,23,0.531,17.6,2.3,5.5,0.424,1.8,4.2,0.425,0.8,1.0,0.776,0.3,2.2,2.5,1.1,0.6,0.6,0.1,0.2,0.8,0.9,7.3,2.2,13.5,0,0,14.1,293,240,280,247,320,334,307,373,117,159,39,312,314,262,470,313,359,359,384,319,420,414,467,329,282,114,347,281,44,327,1,0.41477272727272724,0.0625,0.03409090909090909,0.14204545454545453,2.2,6.403545454545455,3.003262818181818
1627936,Alex Caruso,Alex,1610612760,OKC,31.0,54,44,10,0.815,19.3,2.6,5.8,0.446,1.1,3.1,0.353,0.8,0.9,0.824,0.7,2.2,2.9,2.5,0.7,1.6,0.6,0.3,1.9,1.1,7.1,5.9,20.2,0,0,18.0,258,62,443,26,288,297,297,291,230,238,235,311,339,156,289,310,314,157,351,15,127,339,199,273,294,25,213,281,44,242,1,0.36787564766839376,0.12953367875647667,0.08290155440414508,0.15025906735751293,5.9,13.924756476683937,2.5760799481865293
1629599,Amir Coffey,Amir,1610612746,LAC,28.0,72,41,31,0.569,24.3,3.3,7.1,0.471,1.4,3.4,0.409,1.6,1.8,0.891,0.4,1.8,2.2,1.1,0.6,0.6,0.1,0.4,1.7,1.3,9.7,-0.9,15.3,0,0,15.7,95,83,158,214,200,217,239,208,179,214,61,158,190,52,413,363,386,371,372,325,465,242,258,239,200,324,317,281,44,290,1,0.39917695473251025,0.04526748971193416,0.024691358024691357,0.09053497942386832,-0.9,0.09898353909465019,0.042661905349794235
203083,Andre Drummond,Andre,1610612755,PHI,31.0,40,12,28,0.3,18.8,2.9,5.9,0.5,0.1,0.5,0.15,1.4,2.3,0.622,2.7,5.0,7.8,0.9,1.4,1.0,0.5,0.7,2.4,1.7,7.3,-6.1,20.8,5,0,18.9,342,393,209,456,302,267,295,125,481,483,491,182,141,476,26,57,41,423,158,117,187,85,85,166,279,538,204,106,44,224,1,0.3882978723404255,0.047872340425531915,0.05319148936170213,0.4148936170212766,-6.1,-9.918085106382978,-6.942659574468085
1641710,Anthony Black,Anthony,1610612753,ORL,21.0,78,39,39,0.5,24.2,3.4,7.9,0.423,0.8,2.5,0.318,1.9,2.5,0.761,0.7,2.3,2.9,3.1,1.8,1.1,0.6,0.7,2.1,2.3,9.4,-0.5,21.0,1,0,19.7,35,100,68,266,201,215,192,381,306,293,344,126,119,293,309,304,313,126,96,78,113,100,143,114,206,285,199,198,44,206,1,0.38842975206611574,0.12809917355371903,0.04545454545454546,0.11983471074380166,-0.5,1.0552314049586777,0.5276157024793389
1641810,Antonio Reeves,Antonio,1610612740,NOP,24.0,44,6,38,0.136,15.0,2.6,5.6,0.456,1.2,2.9,0.395,0.6,0.8,0.8,0.4,1.0,1.4,0.9,0.7,0.5,0.1,0.3,0.9,0.5,6.9,-3.4,11.0,0,0,11.5,322,473,85,544,368,299,304,259,221,257,101,357,378,213,424,459,466,414,352,368,471,291,440,442,302,475,392,281,44,375,1,0.46,0.060000000000000005,0.03333333333333333,0.09333333333333332,-3.4,-4.683999999999999,-4.046975999999999
1641709,Ausar Thompson,Ausar,1610612765,DET,22.0,59,34,25,0.576,22.5,4.2,7.8,0.535,0.2,0.8,0.224,1.5,2.4,0.641,1.9,3.3,5.1,2.3,1.4,1.7,0.7,0.7,2.8,2.2,10.1,1.1,25.3,3,0,22.3,218,157,256,206,224,158,202,76,458,452,462,166,131,460,64,165,116,178,165,14,93,89,27,123,189,161,137,134,44,160,1,0.4488888888888889,0.10222222222222221,0.07555555555555556,0.22666666666666666,1.1,4.66388888888889,1.9774888888888895
1641767,Ben Sheppard,Ben,1610612754,IND,23.0,63,40,23,0.635,19.5,1.9,4.6,0.418,1.1,3.2,0.342,0.4,0.4,0.889,0.7,2.1,2.8,1.3,0.3,0.6,0.2,0.2,2.0,0.6,5.3,-0.9,12.8,0,0,12.2,185,89,280,111,284,375,364,400,244,236,272,443,467,54,293,330,329,319,473,301,334,389,174,428,371,327,364,281,44,365,1,0.2717948717948718,0.06666666666666667,0.030769230769230767,0.14358974358974358,-0.9,-0.22815384615384632,-0.0832761538461539
1627732,Ben Simmons,Ben,1610612746,LAC,28.0,51,26,25,0.51,22.0,2.3,4.4,0.52,0.0,0.0,0.0,0.5,0.6,0.727,0.9,3.8,4.7,5.6,2.0,0.7,0.5,0.2,2.1,1.1,5.0,-1.1,20.7,1,0,17.7,275,240,256,262,234,342,369,92,499,542,499,415,415,349,223,112,144,34,78,228,186,406,153,277,379,351,207,198,44,252,2,0.22727272727272727,0.2545454545454545,0.031818181818181815,0.21363636363636365,-1.1,-0.2118181818181819,-0.10379090909090913
203992,Bogdan Bogdanović,Bogdan,1610612746,LAC,32.0,54,33,21,0.611,25.0,3.9,9.1,0.427,1.9,5.4,0.363,1.1,1.2,0.879,0.4,2.5,2.9,2.7,1.4,0.8,0.2,0.2,2.4,1.4,10.8,2.0,19.9,1,0,20.3,258,166,297,153,180,173,153,366,94,95,198,245,274,70,413,269,314,144,160,218,361,376,84,234,165,122,218,198,44,194,2,0.43200000000000005,0.10800000000000001,0.032,0.11599999999999999,2.0,6.119,2.380291
1630527,Brandon Boston,Brandon,1610612740,NOP,23.0,42,8,34,0.19,23.6,4.0,9.1,0.436,1.2,3.3,0.35,1.6,2.0,0.788,0.7,2.5,3.2,2.2,1.2,1.3,0.2,0.6,1.7,1.6,10.7,-3.3,21.0,0,0,20.2,330,445,124,531,210,169,155,328,219,220,244,159,163,237,309,266,281,191,188,46,349,141,236,187,168,471,198,281,44,195,1,0.45338983050847453,0.09322033898305085,0.05508474576271186,0.13559322033898305,-3.3,-4.371627118644067,-3.5410179661016947
1629634,Brandon Clarke,Brandon,1610612763,MEM,28.0,64,40,24,0.625,18.9,3.7,5.9,0.621,0.0,0.3,0.059,1.0,1.4,0.701,2.0,3.1,5.1,1.0,0.6,0.8,0.6,0.3,2.3,1.2,8.3,2.8,19.5,2,0,17.2,170,89,271,127,295,189,290,32,498,505,497,266,256,392,57,182,118,381,366,193,125,264,106,252,254,93,231,159,44,263,1,0.43915343915343924,0.052910052910052914,0.04232804232804233,0.2698412698412698,2.8,7.998777777777777,2.9995416666666666
1641729,Brice Sensabaugh,Brice,1610612762,UTA,21.0,71,14,57,0.197,20.2,3.9,8.4,0.459,2.2,5.2,0.422,0.9,1.0,0.89,0.6,2.4,3.0,1.5,1.5,0.6,0.1,0.4,1.6,0.8,10.9,-4.0,17.5,0,0,19.1,108,364,4,524,268,175,171,245,63,99,42,279,310,53,338,288,312,281,137,280,442,239,291,362,164,497,270,281,44,218,1,0.5396039603960396,0.07425742574257425,0.0297029702970297,0.1485148514851485,-4.0,-5.565752475247525,-4.469299237623762
1628971,Bruce Brown,Bruce,1610612740,NOP,28.0,41,15,26,0.366,22.5,3.2,7.5,0.421,0.7,2.0,0.333,1.3,1.6,0.815,1.0,3.0,4.0,2.0,1.0,0.8,0.2,0.5,1.7,1.2,8.3,-5.5,18.4,0,0,17.1,336,349,237,416,225,238,218,391,337,341,297,200,222,179,197,195,191,203,265,184,319,155,238,268,258,529,256,281,44,264,2,0.36888888888888893,0.08888888888888889,0.035555555555555556,0.17777777777777778,-5.5,-9.045666666666667,-5.7349526666666675
1627741,Buddy Hield,Buddy,1610612744,GSW,32.0,82,48,34,0.585,22.7,4.0,9.6,0.417,2.5,6.7,0.37,0.6,0.8,0.828,0.6,2.6,3.2,1.6,1.1,0.8,0.3,0.4,1.6,0.6,11.1,1.7,19.7,0,0,20.7,1,30,124,195,221,167,141,402,42,41,174,353,383,146,329,247,279,266,222,178,285,241,275,426,157,132,226,281,44,188,1,0.4889867841409692,0.07048458149779736,0.03524229074889868,0.14096916299559473,1.7,5.636383259911894,2.3390990528634363
1629629,Cam Reddish,Cam,1610612747,LAL,25.0,33,15,18,0.455,17.9,1.2,2.8,0.404,0.4,1.4,0.277,0.5,0.8,0.615,0.5,1.5,2.0,0.7,0.4,1.0,0.3,0.2,1.3,0.7,3.2,-2.8,10.1,0,0,8.8,390,349,345,339,317,463,457,436,396,385,415,410,380,478,376,403,410,451,466,101,270,442,357,391,463,447,413,281,44,432,1,0.17877094972067042,0.03910614525139665,0.0558659217877095,0.111731843575419,-2.8,-4.358011173184357,-2.3751160893854744
1641715,Cam Whitmore,Cam,1610612745,HOU,20.0,51,30,21,0.588,16.2,3.5,7.9,0.444,1.3,3.6,0.355,1.1,1.4,0.75,0.7,2.3,3.0,1.0,0.9,0.6,0.3,0.6,0.9,0.9,9.4,0.0,16.0,2,0,16.3,275,196,297,186,345,203,195,296,195,201,224,248,248,310,288,306,311,402,276,297,307,134,451,325,211,239,299,159,44,283,1,0.5802469135802469,0.0617283950617284,0.037037037037037035,0.1851851851851852,0.0,2.567456790123457,1.0577921975308644
1626166,Cameron Payne,Cameron,1610612752,NYK,30.0,72,46,26,0.639,15.1,2.5,6.2,0.401,1.3,3.6,0.363,0.7,0.8,0.907,0.2,1.3,1.4,2.8,0.7,0.5,0.2,0.2,1.5,0.8,6.9,2.8,14.5,0,0,14.0,95,45,237,106,364,311,279,441,194,206,199,348,393,36,521,432,465,138,335,337,334,426,303,338,300,92,327,281,44,330,1,0.456953642384106,0.18543046357615894,0.033112582781456956,0.09271523178807947,2.8,7.901662251655629,2.8525000728476817
1627747,Caris LeVert,Caris,1610612737,ATL,30.0,64,46,18,0.719,24.9,4.4,9.4,0.467,1.7,4.4,0.373,1.7,2.4,0.71,0.6,2.5,3.2,3.4,1.2,0.9,0.5,0.4,1.5,1.7,12.1,4.0,24.0,1,0,23.1,170,45,345,66,181,146,145,220,145,145,160,137,130,386,325,264,284,113,201,156,142,213,302,172,142,66,154,198,44,150,2,0.4859437751004016,0.13654618473895583,0.03614457831325302,0.12851405622489961,4.0,10.398726907630524,2.922042261044177
1628449,Chris Boucher,Chris,1610612761,TOR,32.0,50,18,32,0.36,17.2,3.6,7.4,0.492,1.4,3.9,0.363,1.4,1.7,0.782,1.4,3.1,4.5,0.7,0.6,0.5,0.5,0.4,1.4,1.4,10.0,0.1,18.8,3,0,18.5,283,312,143,424,328,194,226,150,180,183,202,192,201,246,110,185,161,459,391,367,149,240,344,226,191,229,247,134,44,236,1,0.5813953488372093,0.04069767441860465,0.029069767441860465,0.2616279069767442,0.1,2.8373488372093023,1.8159032558139536
203991,Clint Capela,Clint,1610612737,ATL,31.0,55,27,28,0.491,21.4,4.0,7.1,0.559,0.0,0.0,0.0,0.9,1.8,0.536,3.2,5.4,8.5,1.1,0.9,0.6,1.0,0.7,1.9,1.6,8.9,-1.4,24.7,11,0,21.7,253,232,209,297,244,168,238,62,499,539,499,270,196,501,14,44,25,358,297,292,53,107,186,183,231,382,143,55,44,171,1,0.41588785046728977,0.05140186915887851,0.028037383177570093,0.39719626168224303,-1.4,-0.43726168224299033,-0.2225661962616821
1628998,Cody Martin,Cody,1610612756,PHX,29.0,53,16,37,0.302,22.1,2.6,6.1,0.418,0.8,2.8,0.285,0.8,1.2,0.705,1.0,3.2,4.2,2.0,1.0,1.1,0.6,0.3,1.8,1.2,6.8,-2.0,18.8,0,0,17.1,263,340,96,455,230,300,284,399,302,264,405,296,285,389,183,166,174,217,263,86,117,321,222,272,309,407,244,281,44,267,2,0.30769230769230765,0.09049773755656108,0.0497737556561086,0.19004524886877827,-2.0,-2.188334841628959,-1.5274577194570134
1642262,Cody Williams,Cody,1610612762,UTA,20.0,50,9,41,0.18,21.2,1.7,5.1,0.323,0.7,2.7,0.259,0.6,0.8,0.725,0.5,1.7,2.3,1.2,0.9,0.5,0.3,0.3,1.9,0.6,4.6,-6.8,10.5,0,0,10.3,283,434,54,534,252,405,320,524,324,279,430,379,375,355,363,377,381,346,284,375,260,268,194,411,392,545,405,281,44,398,1,0.21698113207547168,0.05660377358490566,0.02358490566037736,0.10849056603773584,-6.8,-12.357188679245283,-10.132894716981133
1630175,Cole Anthony,Cole,1610612763,MEM,25.0,67,35,32,0.522,18.4,3.4,8.1,0.424,1.1,3.3,0.353,1.4,1.7,0.823,0.7,2.4,3.0,2.9,1.5,0.7,0.5,0.2,2.3,1.6,9.4,-0.2,19.2,0,0,18.7,147,149,143,254,313,206,186,376,223,227,234,185,212,159,302,290,297,134,132,258,169,387,109,191,210,252,235,281,44,228,1,0.5108695652173914,0.15760869565217392,0.03804347826086957,0.16304347826086957,-0.2,2.110956521739131,1.0090372173913045
1629610,DaQuan Jeffries,DaQuan,1610612766,CHA,27.0,47,9,38,0.191,22.8,2.5,6.2,0.405,1.2,3.5,0.335,0.5,0.6,0.8,0.8,2.1,2.9,1.1,0.7,0.6,0.5,0.4,2.1,0.6,6.7,-5.9,14.4,0,0,14.0,298,434,85,529,218,307,280,432,217,210,292,397,418,213,268,332,323,357,328,331,135,253,150,416,310,536,331,281,44,329,1,0.29385964912280704,0.048245614035087724,0.02631578947368421,0.12719298245614033,-5.9,-10.237105263157895,-8.281818157894737
1630625,Dalano Banton,Dalano,1610612757,POR,25.0,67,28,39,0.418,16.7,3.0,7.6,0.391,1.1,3.3,0.324,1.4,1.9,0.728,0.4,1.6,2.0,2.4,1.3,0.6,0.5,0.5,0.9,1.4,8.3,-0.8,16.5,0,0,16.1,147,220,68,374,336,264,213,466,245,223,328,193,185,348,411,397,409,166,179,282,148,163,450,229,255,315,290,281,44,285,1,0.4970059880239522,0.1437125748502994,0.03592814371257485,0.11976047904191617,-0.8,0.7610598802395212,0.4429368502994014
1642261,Dalton Knecht,Dalton,1610612747,LAL,24.0,78,47,31,0.603,19.2,3.3,7.1,0.461,1.6,4.4,0.376,0.8,1.1,0.762,0.5,2.3,2.8,0.8,0.5,0.3,0.1,0.3,1.2,0.7,9.1,-0.9,14.4,0,0,15.1,35,36,158,165,290,224,236,235,148,150,145,291,299,288,399,301,334,424,426,449,454,262,381,377,221,326,329,281,44,304,1,0.4739583333333333,0.04166666666666667,0.015625,0.14583333333333334,-0.9,0.3432916666666665,0.1362867916666666
1629655,Daniel Gafford,Daniel,1610612742,DAL,26.0,57,28,29,0.491,21.5,5.0,7.1,0.702,0.0,0.0,0.0,2.4,3.4,0.689,2.7,4.1,6.8,1.4,1.2,0.4,1.8,0.5,2.7,2.7,12.3,0.6,28.0,8,0,24.9,232,220,188,295,241,121,241,8,499,542,499,97,79,410,27,99,59,308,211,406,7,160,36,87,139,189,112,77,44,129,1,0.572093023255814,0.06511627906976744,0.018604651162790697,0.31627906976744186,0.6,4.102,2.087918
1628464,Daniel Theis,Daniel,1610612740,NOP,33.0,38,10,28,0.263,16.3,1.6,3.4,0.473,0.2,1.0,0.243,0.8,1.0,0.838,1.2,3.2,4.3,1.6,0.7,0.5,0.5,0.2,1.8,1.2,4.3,-1.6,14.2,1,0,12.4,357,419,209,483,343,416,418,203,441,435,447,293,329,123,151,175,168,277,363,372,140,413,207,266,408,388,333,198,44,359,1,0.26380368098159507,0.09815950920245399,0.03067484662576687,0.26380368098159507,-1.6,-1.4141165644171783,-1.0422039079754604
1630549,Day'Ron Sharpe,Day'Ron,1610612751,BKN,23.0,50,14,36,0.28,18.1,3.3,6.3,0.521,0.2,0.9,0.244,1.1,1.5,0.757,3.0,3.6,6.6,1.8,1.3,0.8,0.8,0.5,2.3,1.5,7.9,1.3,22.3,4,0,19.9,283,364,106,469,315,221,275,91,445,444,446,234,237,300,18,124,63,236,182,192,68,154,107,208,265,151,179,116,44,203,1,0.43646408839779005,0.09944751381215469,0.04419889502762431,0.3646408839779005,1.3,5.082325966850829,3.6592746961325964
1629731,Dean Wade,Dean,1610612739,CLE,28.0,59,47,12,0.797,21.2,1.9,4.6,0.413,1.4,3.8,0.36,0.3,0.5,0.533,0.9,3.4,4.2,1.3,0.4,0.7,0.3,0.2,1.7,0.5,5.4,4.8,15.2,1,0,14.4,218,36,414,37,248,377,362,410,186,186,209,479,450,502,238,152,177,329,463,240,247,440,242,433,364,40,320,198,44,322,1,0.25471698113207547,0.06132075471698114,0.0330188679245283,0.19811320754716982,4.8,11.163943396226415,2.2662805094339618
1626153,Delon Wright,Delon,1610612752,NYK,33.0,40,22,18,0.55,15.9,1.1,3.3,0.344,0.5,1.8,0.274,0.4,0.6,0.6,0.7,1.0,1.7,1.9,0.6,0.9,0.3,0.2,0.6,0.8,3.1,0.0,11.0,0,0,9.6,342,274,345,231,351,464,430,512,366,355,418,445,422,482,306,470,438,227,406,163,273,418,491,356,464,235,394,281,44,414,2,0.1949685534591195,0.11949685534591194,0.05660377358490566,0.10691823899371068,0.0,1.3880251572327045,0.6246113207547169
1641726,Dereck Lively II,Dereck,1610612742,DAL,21.0,36,21,15,0.583,23.1,3.7,5.3,0.702,0.0,0.0,0.0,1.3,2.0,0.63,2.9,4.6,7.5,2.4,1.1,0.6,1.6,0.6,2.8,1.4,8.7,3.4,26.5,8,0,22.8,370,280,382,197,215,186,310,9,499,542,499,202,162,468,21,77,45,171,214,325,12,114,28,216,238,77,122,77,44,152,1,0.3766233766233766,0.10389610389610389,0.025974025974025972,0.3246753246753247,3.4,9.216285714285714,3.843191142857143
1627884,Derrick Jones Jr.,Derrick,1610612746,LAC,28.0,77,48,29,0.623,24.3,4.0,7.6,0.526,1.0,2.8,0.356,1.1,1.5,0.703,1.2,2.2,3.4,0.8,0.9,1.0,0.4,0.3,2.0,1.3,10.1,3.2,18.9,0,0,18.3,43,30,188,132,199,164,209,86,255,265,221,244,227,391,143,317,253,439,295,95,201,280,170,237,185,80,240,281,44,241,1,0.4156378600823045,0.03292181069958848,0.0411522633744856,0.13991769547325103,3.2,8.460979423868313,3.189789242798354
1642270,Donovan Clingan,Donovan,1610612757,POR,21.0,67,29,38,0.433,19.8,2.7,5.0,0.539,0.2,0.7,0.286,0.9,1.6,0.596,3.2,4.6,7.9,1.1,1.1,0.5,1.6,0.3,2.8,1.5,6.5,0.0,23.0,8,0,20.0,147,212,85,362,277,288,333,73,448,464,396,274,225,488,13,76,37,351,229,349,9,265,22,206,321,241,166,77,44,197,1,0.3282828282828283,0.05555555555555556,0.025252525252525252,0.398989898989899,0.0,2.0844545454545456,1.1818857272727272
1629130,Duncan Robinson,Duncan,1610612748,MIA,31.0,74,30,44,0.405,24.1,3.9,9.0,0.437,2.6,6.5,0.393,0.6,0.7,0.887,0.2,2.0,2.3,2.4,1.2,0.5,0.1,0.4,1.8,0.8,11.0,0.9,18.0,0,0,19.5,71,196,42,387,202,170,158,321,39,45,107,358,399,57,499,338,382,167,209,340,478,230,216,348,160,175,262,281,44,211,1,0.45643153526970953,0.0995850622406639,0.02074688796680498,0.09543568464730288,0.9,3.942394190871369,2.3457245435684646
201569,Eric Gordon,Eric,1610612755,PHI,36.0,39,12,27,0.308,19.7,2.2,5.2,0.426,1.4,3.5,0.409,0.9,1.2,0.75,0.2,1.0,1.2,1.7,0.7,0.7,0.3,0.4,0.8,0.8,6.8,-1.8,12.9,0,0,13.1,353,393,222,450,279,345,315,367,175,208,62,275,273,310,513,471,492,262,338,259,263,254,459,339,307,398,360,281,44,344,1,0.34517766497461927,0.08629441624365482,0.03553299492385787,0.06091370558375635,-1.8,-1.8338984771573605,-1.2690577461928934
1629216,Gabe Vincent,Gabe,1610612747,LAL,29.0,72,46,26,0.639,21.2,2.3,5.8,0.4,1.5,4.3,0.353,0.2,0.3,0.714,0.3,1.0,1.3,1.4,0.6,0.7,0.2,0.2,2.1,0.6,6.4,0.7,12.1,0,0,12.3,95,45,237,106,250,335,296,445,163,156,239,501,509,374,481,460,484,314,397,241,381,426,147,408,328,186,375,281,44,363,1,0.30188679245283023,0.0660377358490566,0.0330188679245283,0.06132075471698114,0.7,2.9650943396226417,1.0703990566037735
1629726,Garrison Mathews,Garrison,1610612737,ATL,28.0,47,21,26,0.447,17.6,2.2,5.5,0.397,1.8,4.6,0.39,1.4,1.7,0.821,0.3,1.6,1.9,1.3,0.7,0.6,0.3,0.1,1.7,1.4,7.5,-1.3,13.6,0,0,14.2,298,280,237,351,319,353,308,453,113,132,114,191,213,167,482,395,418,332,362,331,261,492,240,212,274,368,345,281,44,324,1,0.4261363636363636,0.07386363636363635,0.03409090909090909,0.10795454545454544,-1.3,-0.600727272727273,-0.33220218181818195
1627780,Gary Payton II,Gary,1610612744,GSW,32.0,62,36,26,0.581,15.0,2.8,4.8,0.574,0.5,1.5,0.326,0.4,0.6,0.711,0.9,2.1,3.0,1.3,0.6,0.8,0.3,0.3,1.7,0.6,6.5,0.7,14.8,0,0,13.5,192,136,237,202,370,282,343,55,366,376,321,428,427,383,242,327,307,320,371,179,291,287,233,420,325,181,325,281,44,340,1,0.43333333333333335,0.08666666666666667,0.05333333333333334,0.2,0.7,3.7539999999999996,1.572926
1627777,Georges Niang,Georges,1610612737,ATL,32.0,79,55,24,0.696,21.5,3.6,7.8,0.461,2.1,5.2,0.406,0.6,0.7,0.793,0.6,2.8,3.4,1.4,1.0,0.4,0.2,0.3,2.5,0.7,9.9,2.5,16.7,1,0,17.9,23,11,271,74,242,197,198,236,80,103,69,377,397,230,337,214,249,307,240,432,386,332,48,379,194,109,288,198,44,244,2,0.4604651162790698,0.06511627906976744,0.018604651162790697,0.15813953488372093,2.5,7.1679767441860465,2.1790649302325584
1629048,Goga Bitadze,Goga,1610612753,ORL,25.0,70,38,32,0.543,20.4,3.0,4.8,0.611,0.0,0.4,0.107,1.2,1.9,0.639,2.4,4.2,6.6,2.0,1.0,0.7,1.4,0.3,2.1,1.7,7.2,1.1,23.3,15,0,20.0,118,110,143,236,264,263,341,34,491,490,495,212,181,461,36,88,62,223,244,245,19,277,137,168,288,160,161,37,44,199,1,0.35294117647058826,0.09803921568627452,0.03431372549019608,0.3235294117647059,1.1,4.458058823529412,2.037332882352941
1628960,Grayson Allen,Grayson,1610612756,PHX,29.0,64,29,35,0.453,24.1,3.4,7.6,0.448,2.3,5.5,0.426,1.5,1.8,0.816,0.5,2.5,3.0,2.1,1.2,0.8,0.3,0.3,1.5,1.7,10.6,-1.2,19.7,1,0,20.4,170,212,116,344,203,208,210,285,56,93,38,174,193,178,368,269,298,196,204,177,274,322,317,180,169,366,225,198,44,193,1,0.4398340248962655,0.08713692946058091,0.03319502074688797,0.12448132780082986,-1.2,-0.2673526970954358,-0.14624192531120336
1629312,Haywood Highsmith,Haywood,1610612748,MIA,28.0,74,35,39,0.473,24.6,2.4,5.3,0.458,1.2,3.1,0.382,0.4,0.6,0.721,1.0,2.4,3.4,1.5,0.7,0.9,0.5,0.2,2.2,0.6,6.5,0.8,16.3,0,0,15.4,71,149,68,311,189,324,312,253,208,237,131,432,432,365,198,279,254,286,330,144,149,395,120,407,324,178,294,281,44,297,1,0.26422764227642276,0.06097560975609756,0.036585365853658534,0.1382113821138211,0.8,3.184016260162602,1.6779765691056912
1630171,Isaac Okoro,Isaac,1610612739,CLE,24.0,55,44,11,0.8,19.1,2.3,4.9,0.464,1.0,2.7,0.371,0.6,0.8,0.717,0.9,1.5,2.4,1.2,0.4,0.6,0.3,0.3,1.9,0.8,6.1,4.6,13.0,0,0,12.5,253,62,425,32,291,344,340,227,251,275,171,369,368,371,226,407,377,336,453,315,280,263,197,349,339,43,357,281,44,356,1,0.31937172774869105,0.06282722513089005,0.031413612565445025,0.1256544502617801,4.6,10.936251308900523,2.1872502617801044
1630198,Isaiah Joe,Isaiah,1610612760,OKC,25.0,74,63,11,0.851,21.7,3.5,7.9,0.44,2.6,6.3,0.412,0.6,0.8,0.821,0.6,2.1,2.6,1.6,0.5,0.6,0.1,0.3,1.5,1.4,10.2,7.4,17.6,0,0,18.6,71,2,425,17,238,204,194,308,36,50,54,362,391,163,356,331,349,271,413,279,438,343,310,228,184,7,269,281,44,233,1,0.4700460829493087,0.07373271889400922,0.027649769585253454,0.11981566820276499,7.4,16.97271889400922,2.528935115207374
1630191,Isaiah Stewart,Isaiah,1610612765,DET,24.0,72,38,34,0.528,19.9,2.4,4.4,0.559,0.2,0.7,0.321,0.9,1.2,0.759,1.8,3.7,5.5,1.7,0.9,0.4,1.4,0.2,2.5,1.3,6.0,0.1,19.7,2,0,17.1,95,110,124,250,272,318,368,63,442,463,339,278,278,297,71,116,106,253,268,412,18,426,49,246,340,226,228,159,44,265,1,0.30150753768844224,0.08542713567839197,0.020100502512562818,0.2763819095477387,0.1,2.150959798994975,1.0152530251256282
1642266,Ja'Kobe Walter,Ja'Kobe,1610612761,TOR,20.0,52,19,33,0.365,21.2,3.1,7.6,0.405,1.3,3.6,0.349,1.3,1.6,0.795,1.1,1.9,3.1,1.6,1.0,0.8,0.2,0.8,1.8,1.4,8.6,-1.6,16.8,1,0,16.6,267,302,130,418,249,250,216,435,199,202,248,203,220,228,156,350,293,279,264,186,372,75,214,222,247,386,287,198,44,272,1,0.4056603773584906,0.07547169811320756,0.03773584905660378,0.14622641509433962,-1.6,-1.2053773584905663,-0.7654146226415096
1630702,Jaden Hardy,Jaden,1610612742,DAL,22.0,57,30,27,0.526,15.9,3.2,7.3,0.435,1.3,3.5,0.386,1.1,1.5,0.698,0.2,1.4,1.6,1.4,1.4,0.5,0.1,0.4,1.6,1.2,8.7,-1.1,13.0,0,0,14.2,232,196,222,251,350,241,229,332,188,212,121,250,229,396,531,413,449,304,146,364,473,214,286,264,241,356,359,281,44,326,1,0.5471698113207547,0.0880503144654088,0.031446540880503145,0.10062893081761007,-1.1,0.21613207547169772,0.10244660377358471
1631170,Jaime Jaquez Jr.,Jaime,1610612748,MIA,24.0,66,32,34,0.485,20.7,3.2,7.0,0.461,0.6,1.8,0.311,1.6,2.2,0.754,1.3,3.1,4.4,2.5,1.5,0.9,0.2,0.9,1.2,1.5,8.6,-2.3,19.6,3,1,18.4,156,179,124,303,261,232,243,237,353,357,359,152,150,306,130,181,164,158,141,141,353,39,371,200,246,428,229,134,20,239,1,0.41545893719806765,0.12077294685990339,0.04347826086956522,0.21256038647342998,-2.3,-2.35156038647343,-1.2110535990338165
1631222,Jake LaRavia,Jake,1610612758,SAC,23.0,66,40,26,0.606,20.4,2.4,5.1,0.475,0.9,2.2,0.423,1.2,1.7,0.678,1.4,2.6,3.9,2.4,1.3,0.9,0.3,0.4,2.0,1.4,6.9,1.9,17.8,2,0,16.7,156,89,237,163,263,322,325,195,283,321,41,216,200,429,114,252,198,165,177,131,245,227,169,227,301,125,264,159,44,270,2,0.3382352941176471,0.11764705882352941,0.04411764705882353,0.1911764705882353,1.9,5.804411764705882,2.2869382352941177
1630188,Jalen Smith,Jalen,1610612741,CHI,25.0,64,28,36,0.438,15.0,3.0,6.4,0.466,1.1,3.5,0.324,1.1,1.4,0.809,1.4,4.2,5.6,1.0,0.6,0.3,0.7,0.2,1.5,1.3,8.2,-0.6,18.7,4,0,17.8,170,220,106,357,366,262,273,223,229,211,328,230,250,203,112,90,102,382,392,467,91,381,317,242,261,290,251,116,44,248,1,0.5466666666666666,0.06666666666666667,0.02,0.3733333333333333,-0.6,1.4526666666666666,0.8163986666666667
1642347,Jamal Shead,Jamal,1610612761,TOR,22.0,75,28,47,0.373,19.6,2.7,6.7,0.405,1.0,3.0,0.323,0.7,0.9,0.768,0.4,1.1,1.5,4.2,1.6,0.8,0.1,0.4,2.1,1.3,7.1,-3.1,16.4,1,0,15.6,59,220,29,409,282,285,256,434,275,256,335,340,346,277,427,453,450,78,129,213,429,233,149,238,291,464,293,198,44,292,1,0.36224489795918363,0.21428571428571427,0.04081632653061224,0.07653061224489795,-3.1,-4.121530612244898,-2.5841996938775513
1642419,Jamison Battle,Jamison,1610612761,TOR,24.0,59,21,38,0.356,17.7,2.5,5.9,0.429,1.8,4.4,0.405,0.3,0.3,0.889,0.6,2.1,2.7,0.9,0.5,0.3,0.2,0.2,1.6,0.4,7.1,-3.1,12.6,0,0,13.4,218,280,85,426,318,306,293,352,119,148,70,479,506,54,326,335,345,412,435,462,396,364,294,464,292,461,369,281,44,341,1,0.4011299435028249,0.05084745762711865,0.01694915254237288,0.15254237288135594,-3.1,-4.279474576271186,-2.755981627118644
1641716,Jarace Walker,Jarace,1610612754,IND,21.0,75,45,30,0.6,15.8,2.3,4.8,0.472,1.0,2.5,0.405,0.6,0.9,0.667,0.3,2.7,3.1,1.5,1.0,0.7,0.3,0.1,1.5,0.8,6.1,-1.9,14.1,0,0,13.8,59,56,176,168,352,343,344,206,257,302,70,367,346,438,456,232,296,292,239,235,248,451,307,341,338,405,334,281,44,335,1,0.38607594936708856,0.09493670886075949,0.044303797468354424,0.1962025316455696,-1.9,-1.6950886075949367,-0.6780354430379747
1630215,Jared Butler,Jared,1610612755,PHI,24.0,60,6,54,0.1,17.4,3.4,7.6,0.448,1.0,2.8,0.355,1.3,1.5,0.824,0.4,1.4,1.8,3.7,1.3,0.7,0.2,0.6,1.6,1.2,9.0,-2.2,18.1,1,0,17.4,206,473,8,551,326,212,217,283,257,269,225,205,228,155,421,412,419,98,169,245,344,115,274,253,223,423,261,198,44,259,2,0.5172413793103449,0.21264367816091956,0.040229885057471264,0.10344827586206898,-2.2,-1.7910804597701153,-1.6119724137931037
1629020,Jarred Vanderbilt,Jarred,1610612747,LAL,26.0,36,25,11,0.694,16.1,1.6,3.4,0.488,0.3,0.9,0.281,0.6,1.0,0.556,1.9,3.2,5.1,1.1,0.8,1.0,0.3,0.5,1.9,1.1,4.1,1.0,14.8,0,0,13.0,370,252,425,76,349,407,421,157,432,445,408,389,314,500,62,172,122,353,309,121,287,192,201,286,423,170,323,281,44,346,1,0.2546583850931677,0.06832298136645963,0.06211180124223602,0.31677018633540366,1.0,3.829614906832298,1.1718621614906835
1629750,Javonte Green,Javonte,1610612739,CLE,31.0,68,24,44,0.353,18.5,1.8,4.2,0.429,0.7,2.1,0.326,0.8,1.1,0.724,0.9,2.3,3.2,0.8,0.5,1.0,0.5,0.2,1.4,1.1,5.1,-3.1,14.0,0,0,12.6,138,261,42,428,311,388,379,355,332,329,322,298,292,360,236,293,280,428,428,124,184,390,328,291,377,463,338,281,44,352,2,0.27567567567567564,0.043243243243243246,0.05405405405405406,0.17297297297297298,-3.1,-4.5764054054054055,-2.9609342972972974
1629637,Jaxson Hayes,Jaxson,1610612747,LAL,25.0,56,38,18,0.679,19.5,2.9,4.0,0.722,0.0,0.1,0.0,1.1,1.8,0.622,1.4,3.4,4.8,1.0,0.8,0.6,0.9,0.2,2.4,2.0,6.8,1.6,17.8,2,0,15.6,246,110,345,82,285,272,387,5,499,531,499,242,198,474,111,146,140,380,319,330,58,405,67,132,306,135,266,159,44,293,1,0.3487179487179487,0.05128205128205128,0.030769230769230767,0.24615384615384614,1.6,5.378410256410257,1.7264696923076923
1631119,Jaylin Williams,Jaylin,1610612760,OKC,23.0,47,40,7,0.851,16.7,2.1,4.7,0.439,1.3,3.3,0.399,0.5,0.6,0.767,1.0,4.6,5.6,2.6,0.7,0.5,0.6,0.1,1.7,0.9,5.9,6.4,18.9,4,3,17.5,298,89,467,18,337,359,352,312,192,226,88,407,418,280,178,81,103,155,328,373,112,475,251,328,348,18,239,116,11,254,1,0.3532934131736527,0.15568862275449102,0.029940119760479042,0.33532934131736525,6.4,15.005467065868265,2.235814592814372
1630288,Jeff Dowtin Jr.,Jeff,1610612755,PHI,28.0,41,10,31,0.244,15.1,2.7,5.6,0.487,0.7,1.7,0.4,0.8,1.1,0.733,0.3,1.2,1.5,1.9,0.4,0.6,0.3,0.3,0.7,0.9,7.0,-2.5,13.8,0,0,12.8,336,419,158,499,363,284,305,161,330,364,78,301,296,342,478,444,461,228,465,312,278,308,477,322,299,440,340,281,44,351,1,0.4635761589403974,0.12582781456953643,0.039735099337748346,0.09933774834437087,-2.5,-2.6918079470198677,-2.03500680794702
1630526,Jeremiah Robinson-Earl,Jeremiah,1610612740,NOP,24.0,66,17,49,0.258,18.8,2.4,5.3,0.455,0.8,2.5,0.341,0.7,0.8,0.836,1.7,3.1,4.8,1.3,0.8,0.6,0.1,0.3,1.2,0.7,6.3,-5.0,15.4,4,0,14.7,156,323,19,487,301,327,313,260,295,298,273,345,369,127,82,184,142,322,318,311,448,328,379,378,331,515,314,116,44,313,1,0.33510638297872336,0.06914893617021277,0.031914893617021274,0.2553191489361702,-5.0,-8.082234042553191,-5.9970176595744675
1630548,Johnny Juzang,Johnny,1610612762,UTA,24.0,64,15,49,0.234,19.8,3.2,7.4,0.429,1.8,4.9,0.376,0.7,0.8,0.849,0.7,2.2,2.9,1.1,0.6,0.6,0.1,0.2,2.0,0.7,8.9,-5.6,15.6,0,0,16.2,170,349,19,504,275,236,225,351,109,119,148,343,370,108,320,314,321,373,402,295,433,365,178,398,229,531,311,281,44,284,1,0.4494949494949495,0.05555555555555556,0.0303030303030303,0.14646464646464646,-5.6,-9.104333333333333,-6.973919333333333
202685,Jonas Valančiūnas,Jonas,1610612758,SAC,33.0,81,23,58,0.284,18.8,4.3,7.7,0.55,0.1,0.5,0.216,1.8,2.0,0.879,2.3,5.4,7.7,2.0,1.5,0.5,0.6,0.5,2.2,2.1,10.4,-3.8,24.3,21,0,22.3,12,265,3,468,299,154,205,69,478,485,466,133,161,70,39,42,42,206,143,380,123,187,114,130,175,488,146,28,44,161,2,0.5531914893617021,0.10638297872340426,0.026595744680851064,0.4095744680851064,-3.8,-4.714893617021276,-3.3758638297872334
1628371,Jonathan Isaac,Jonathan,1610612753,ORL,27.0,71,35,36,0.493,15.4,1.9,4.6,0.414,0.5,2.1,0.258,1.0,1.5,0.682,1.7,2.7,4.4,0.6,0.5,0.9,1.1,0.2,1.3,1.1,5.4,-0.5,17.0,2,0,14.9,108,149,106,291,359,380,363,409,356,325,434,254,230,420,80,230,163,479,432,171,33,404,361,282,367,288,283,159,44,310,1,0.35064935064935066,0.03896103896103896,0.05844155844155844,0.28571428571428575,-0.5,0.9464675324675325,0.479859038961039
1630228,Jonathan Kuminga,Jonathan,1610612744,GSW,22.0,47,28,19,0.596,24.3,5.5,12.1,0.454,1.0,3.2,0.305,3.3,5.0,0.668,1.2,3.4,4.6,2.2,1.5,0.8,0.4,1.0,1.9,3.1,15.3,0.2,26.4,2,0,25.6,298,220,329,179,197,96,94,264,271,231,374,57,33,437,145,143,150,190,136,194,190,27,189,66,92,224,123,159,44,126,1,0.6296296296296297,0.09053497942386832,0.03292181069958848,0.18930041152263372,0.2,3.1791028806584363,1.2843575637860083
1642367,Jonathan Mogbo,Jonathan,1610612761,TOR,23.0,63,18,45,0.286,20.4,2.5,5.7,0.438,0.3,1.1,0.243,1.0,1.3,0.732,1.7,3.2,4.9,2.3,1.1,0.9,0.5,0.5,2.2,1.1,6.2,-3.8,18.7,3,1,16.5,185,312,38,464,265,314,303,317,429,410,449,267,265,346,77,170,131,174,221,165,133,181,130,283,337,489,250,134,20,274,1,0.303921568627451,0.11274509803921569,0.04411764705882353,0.24019607843137258,-3.8,-5.696313725490196,-4.067168
1641722,Jordan Hawkins,Jordan,1610612740,NOP,23.0,56,18,38,0.321,23.6,3.7,9.9,0.372,2.0,5.9,0.331,1.4,1.8,0.816,0.4,2.4,2.8,1.2,1.0,0.5,0.4,0.5,0.9,1.3,10.8,-5.7,17.7,0,0,18.6,246,312,85,444,211,188,132,489,92,66,308,177,198,177,412,286,327,347,242,342,213,199,439,245,166,532,267,281,44,231,1,0.4576271186440678,0.05084745762711864,0.0211864406779661,0.11864406779661016,-5.7,-9.392406779661018,-6.377444203389832
1630631,Jose Alvarado,Jose,1610612740,NOP,27.0,56,19,37,0.339,24.4,3.6,9.3,0.392,2.0,5.5,0.359,1.1,1.3,0.811,0.5,1.9,2.4,4.6,1.5,1.3,0.3,0.4,1.6,1.3,10.3,-4.1,23.4,2,0,22.5,246,302,96,435,193,193,146,458,87,91,212,246,262,193,395,348,369,60,134,40,309,207,272,235,178,502,160,159,44,155,1,0.4221311475409837,0.1885245901639344,0.05327868852459017,0.09836065573770492,-4.1,-5.9596393442622935,-3.939321606557376
1629006,Josh Okogie,Josh,1610612766,CHA,26.0,40,11,29,0.275,15.6,2.4,5.3,0.443,0.8,2.3,0.348,1.6,2.1,0.741,1.1,1.7,2.8,0.8,0.8,1.2,0.5,0.5,1.2,1.7,7.1,-0.3,16.0,1,0,14.9,342,407,188,474,355,333,311,299,304,316,251,161,152,335,158,382,326,427,317,57,171,162,387,173,293,263,303,198,44,309,2,0.4551282051282051,0.05128205128205129,0.07692307692307693,0.1794871794871795,-0.3,1.6442820512820515,1.1921044871794872
1630577,Julian Champagnie,Julian,1610612759,SAS,24.0,82,34,48,0.415,23.6,3.4,8.1,0.415,2.2,5.9,0.371,1.0,1.1,0.904,0.8,3.1,3.9,1.4,0.9,0.7,0.4,0.4,1.4,0.7,9.9,-0.8,19.2,0,0,19.7,1,157,23,378,212,214,185,406,68,73,172,251,286,39,257,187,204,318,275,229,206,232,337,404,193,314,236,281,44,207,1,0.4194915254237288,0.05932203389830508,0.02966101694915254,0.16525423728813557,-0.8,0.41669491525423713,0.2437665254237287
1631124,Julian Strawther,Julian,1610612743,DEN,23.0,65,41,24,0.631,21.3,3.2,7.5,0.432,1.4,4.1,0.349,1.1,1.4,0.822,0.3,1.9,2.2,1.3,0.9,0.6,0.2,0.3,2.3,1.5,9.0,-1.1,15.2,0,0,15.6,162,83,271,120,246,230,222,340,173,165,249,225,252,161,487,353,393,331,286,303,318,311,92,201,222,349,319,281,44,291,1,0.4225352112676056,0.06103286384976526,0.02816901408450704,0.10328638497652583,-1.1,-0.21870422535211292,-0.08070185915492967
1630551,Justin Champagnie,Justin,1610612764,WAS,24.0,62,16,46,0.258,21.6,3.4,6.6,0.511,1.2,3.1,0.383,0.8,1.2,0.685,1.8,3.9,5.7,1.0,0.9,1.0,0.6,0.4,1.8,0.9,8.8,-4.6,21.2,8,0,20.0,192,340,32,486,239,211,261,106,211,241,127,299,281,415,70,111,96,400,288,90,110,248,225,336,235,510,195,77,44,201,1,0.40740740740740744,0.046296296296296294,0.046296296296296294,0.2638888888888889,-4.6,-7.017703703703703,-5.207136148148148
203994,Jusuf Nurkić,Jusuf,1610612766,CHA,30.0,51,18,33,0.353,20.8,3.3,6.9,0.477,0.6,2.1,0.305,1.7,2.5,0.664,1.7,6.1,7.8,2.3,1.9,0.8,0.7,0.3,2.5,2.5,8.9,-3.6,24.1,10,0,22.5,275,312,130,428,257,225,250,183,344,332,373,142,122,448,82,32,38,182,85,206,96,294,47,102,230,485,150,62,44,157,2,0.42788461538461536,0.11057692307692306,0.038461538461538464,0.375,-3.6,-4.766269230769231,-3.0837761923076923
1630231,KJ Martin,KJ,1610612762,UTA,24.0,43,11,32,0.256,21.2,2.6,4.7,0.552,0.3,1.3,0.259,0.9,1.1,0.787,0.7,2.2,2.9,1.1,0.6,0.4,0.5,0.5,2.3,0.8,6.4,-3.3,13.7,0,0,12.6,328,407,143,488,251,298,354,68,405,387,433,284,297,238,294,316,318,360,403,411,145,198,86,344,329,468,344,281,44,355,2,0.30188679245283023,0.0518867924528302,0.01886792452830189,0.13679245283018868,-3.3,-4.864037735849056,-3.6188440754716975
1642354,KJ Simpson,KJ,1610612766,CHA,22.0,36,3,33,0.083,23.4,2.9,8.4,0.346,0.9,3.6,0.254,1.1,1.4,0.82,1.1,1.9,3.0,3.1,1.6,0.9,0.2,0.5,1.6,2.1,7.8,-7.7,17.9,0,0,17.1,370,508,130,555,214,270,175,511,281,198,438,224,251,168,169,349,299,124,130,128,398,172,296,127,268,557,263,281,44,265,1,0.33333333333333337,0.13247863247863248,0.038461538461538464,0.12820512820512822,-7.7,-13.58391452991453,-12.456449623931624
1631255,Karlo Matković,Karlo,1610612740,NOP,24.0,42,12,30,0.286,18.8,3.2,5.6,0.574,0.5,1.6,0.318,0.8,1.0,0.773,1.5,3.5,5.0,1.1,1.0,0.5,1.0,0.3,2.5,1.0,7.7,-2.1,18.8,4,0,17.3,330,393,176,464,298,233,306,54,366,375,343,297,305,268,99,141,130,367,247,343,47,336,54,316,269,420,243,116,44,261,1,0.4095744680851064,0.05851063829787234,0.026595744680851064,0.26595744680851063,-2.1,-1.9611063829787239,-1.4002299574468087
1630811,Keaton Wallace,Keaton,1610612737,ATL,26.0,31,15,16,0.484,16.2,2.1,5.2,0.401,0.9,2.6,0.329,0.4,0.4,1.0,0.2,1.4,1.6,2.6,1.1,0.9,0.3,0.1,1.3,0.4,5.4,-0.6,13.8,1,1,12.9,402,349,369,304,346,356,316,442,291,284,313,452,493,1,505,419,442,150,232,149,281,485,365,474,365,294,341,198,20,350,1,0.33333333333333337,0.16049382716049385,0.05555555555555556,0.09876543209876544,-0.6,0.7318641975308644,0.37764192592592605
1642276,Kel'el Ware,Kel'el,1610612748,MIA,21.0,64,28,36,0.438,22.2,4.0,7.3,0.554,0.5,1.7,0.315,0.7,1.0,0.687,1.8,5.6,7.4,0.9,0.9,0.6,1.1,0.3,1.7,0.9,9.3,0.6,23.8,15,0,21.6,170,220,106,357,228,165,230,67,357,362,350,337,306,413,69,40,47,405,279,295,35,333,237,335,212,190,156,37,44,174,1,0.41891891891891897,0.04054054054054054,0.02702702702702703,0.33333333333333337,0.6,3.4792252252252256,1.955324576576577
1629640,Keldon Johnson,Keldon,1610612759,SAS,25.0,77,31,46,0.403,23.9,4.8,10.0,0.482,1.1,3.6,0.318,1.9,2.5,0.773,1.5,3.4,4.8,1.6,1.0,0.6,0.3,0.5,1.5,1.8,12.7,-2.8,22.7,3,0,22.1,43,186,32,388,205,128,127,174,226,205,345,121,120,266,104,151,138,267,250,284,282,188,316,154,127,452,174,134,44,163,1,0.5313807531380753,0.06694560669456068,0.02510460251046025,0.200836820083682,-2.8,-3.1389205020920503,-1.8739355397489539
203482,Kelly Olynyk,Kelly,1610612740,NOP,34.0,44,12,32,0.273,20.2,3.0,6.1,0.5,0.8,1.8,0.418,1.9,2.5,0.769,1.4,3.3,4.7,2.9,1.7,0.8,0.4,0.3,2.8,2.2,8.7,-1.3,20.5,2,0,19.4,322,393,143,475,266,251,285,125,311,358,45,128,126,276,109,164,147,131,105,219,200,306,25,124,237,372,210,159,44,213,2,0.4306930693069307,0.14356435643564355,0.039603960396039604,0.23267326732673269,-1.3,-0.20891089108910887,-0.15187821782178215
1629026,Kenrich Williams,Kenrich,1610612760,OKC,30.0,69,58,11,0.841,16.4,2.5,5.1,0.483,1.0,2.5,0.386,0.4,0.6,0.718,0.9,2.6,3.5,1.4,0.6,0.6,0.1,0.3,1.6,0.8,6.3,4.8,14.4,2,0,13.7,129,7,425,20,342,313,322,169,276,300,120,435,437,370,214,255,245,306,400,289,419,290,281,353,332,41,330,159,44,336,1,0.38414634146341464,0.08536585365853659,0.03658536585365854,0.2134146341463415,4.8,11.692756097560975,1.8591482195121956
1631165,Keon Ellis,Keon,1610612758,SAC,25.0,80,39,41,0.488,24.4,2.8,5.8,0.489,1.7,4.0,0.433,0.9,1.1,0.849,0.8,1.9,2.7,1.5,0.9,1.5,0.8,0.2,2.2,1.2,8.3,0.8,19.8,0,0,18.8,16,100,54,299,195,274,299,152,127,173,31,280,300,109,273,355,348,287,282,22,74,418,123,267,257,179,222,281,44,226,1,0.34016393442622955,0.06147540983606558,0.06147540983606558,0.11065573770491804,0.8,3.466049180327869,1.774617180327869
1630553,Keon Johnson,Keon,1610612751,BKN,23.0,79,25,54,0.316,24.4,3.8,9.9,0.389,1.6,5.1,0.314,1.4,1.8,0.77,0.8,3.0,3.8,2.2,1.5,1.0,0.4,0.9,2.6,1.5,10.6,-5.4,21.2,0,0,21.0,23,252,8,448,194,176,134,469,153,108,351,195,197,272,265,202,217,189,144,92,228,34,40,199,170,527,192,281,44,183,1,0.43442622950819676,0.09016393442622953,0.04098360655737705,0.1557377049180328,-5.4,-8.689688524590165,-5.943746950819673
1630556,Kessler Edwards,Kessler,1610612742,DAL,24.0,40,17,23,0.425,15.2,1.7,3.4,0.496,0.6,1.4,0.407,0.3,0.3,0.923,0.6,2.3,2.9,1.1,0.4,0.5,0.5,0.2,1.6,0.4,4.2,-4.0,11.8,1,0,10.6,342,323,280,368,362,403,420,142,354,386,65,471,502,29,358,297,321,378,454,371,149,418,297,478,414,492,381,198,44,393,1,0.27631578947368424,0.07236842105263158,0.03289473684210526,0.19078947368421054,-4.0,-6.273736842105263,-3.607398684210526
1628989,Kevin Huerter,Kevin,1610612741,CHI,26.0,69,39,30,0.565,24.3,3.7,8.8,0.425,1.9,5.7,0.338,0.5,0.7,0.714,0.4,2.5,3.0,2.3,1.0,1.0,0.3,0.2,1.8,0.6,9.9,1.5,19.7,0,0,19.6,129,100,176,218,198,185,162,370,98,84,286,399,401,374,416,259,308,181,260,123,248,394,229,409,195,139,224,281,44,209,2,0.4074074074074074,0.09465020576131686,0.0411522633744856,0.12345679012345678,1.5,5.042283950617284,2.1933935185185187
1629645,Kevin Porter Jr.,Kevin,1610612749,MIL,25.0,75,43,32,0.573,19.8,3.9,8.7,0.449,0.7,2.4,0.311,1.7,2.3,0.769,0.6,3.1,3.7,3.4,1.8,1.1,0.2,0.6,1.6,1.9,10.3,0.4,21.8,2,1,20.6,59,75,143,208,276,172,163,277,316,310,361,136,140,273,351,177,221,108,94,81,392,113,283,144,180,206,183,159,20,190,2,0.5202020202020202,0.1717171717171717,0.05555555555555556,0.18686868686868688,0.4,3.451020202020202,1.4735856262626263
1626172,Kevon Looney,Kevon,1610612744,GSW,29.0,76,45,31,0.592,15.0,1.9,3.7,0.514,0.0,0.1,0.4,0.7,1.3,0.566,2.4,3.6,6.1,1.6,0.5,0.6,0.5,0.2,2.0,1.1,4.5,1.5,16.9,2,0,14.4,51,56,158,185,367,383,402,102,495,527,78,329,264,499,35,123,77,280,414,299,163,375,165,284,395,136,284,159,44,323,1,0.3,0.10666666666666667,0.04,0.4066666666666666,1.5,5.114,2.086512
203114,Khris Middleton,Khris,1610612764,WAS,33.0,37,18,19,0.486,22.8,4.3,9.1,0.475,1.3,3.6,0.361,1.9,2.3,0.857,0.4,3.4,3.7,4.1,1.5,0.9,0.2,0.4,2.0,1.9,11.9,1.1,24.4,0,0,23.3,361,312,329,302,219,151,154,195,193,200,205,122,139,95,450,153,223,84,135,127,345,260,164,150,148,164,145,281,44,149,2,0.5219298245614035,0.17982456140350875,0.039473684210526314,0.16228070175438597,1.1,4.841666666666667,2.4886166666666667
1627739,Kris Dunn,Kris,1610612746,LAC,31.0,74,45,29,0.608,24.1,2.6,5.9,0.439,1.0,3.0,0.335,0.2,0.3,0.682,0.7,2.7,3.4,2.8,1.0,1.7,0.4,0.2,2.7,0.5,6.4,3.5,20.0,0,0,17.8,71,56,188,157,204,296,292,309,253,251,293,502,507,421,283,238,256,136,250,10,236,417,39,455,327,74,215,281,44,246,1,0.26556016597510373,0.11618257261410787,0.07053941908713693,0.14107883817427386,3.5,8.750203319502075,3.430079701244814
1631200,Kris Murray,Kris,1610612757,POR,24.0,69,31,38,0.449,15.1,1.7,4.0,0.419,0.4,1.7,0.225,0.4,0.8,0.456,1.1,1.5,2.6,1.0,0.6,0.5,0.2,0.3,1.0,0.6,4.2,-0.7,10.4,1,0,9.7,129,186,85,347,365,400,384,395,397,361,461,444,371,534,162,402,353,397,375,351,317,314,428,414,417,307,408,198,44,412,1,0.27814569536423844,0.06622516556291391,0.033112582781456956,0.17218543046357618,-0.7,0.22429801324503312,0.12358820529801323
203937,Kyle Anderson,Kyle,1610612748,MIA,31.0,61,30,31,0.492,16.4,2.3,5.0,0.469,0.4,1.1,0.357,0.8,1.1,0.738,0.9,2.5,3.4,2.4,0.6,0.7,0.5,0.3,1.3,1.0,5.9,-0.4,16.5,2,0,14.4,201,196,158,294,341,336,335,215,393,403,218,308,301,337,235,268,258,168,379,271,131,325,350,310,353,267,291,159,44,321,2,0.35975609756097565,0.14634146341463417,0.042682926829268296,0.20731707317073172,-0.4,1.3336341463414634,0.6774861463414634
1642271,Kyle Filipowski,Kyle,1610612762,UTA,21.0,72,13,59,0.181,21.1,3.6,7.2,0.502,1.1,3.1,0.35,1.3,2.0,0.65,1.6,4.6,6.1,1.9,1.4,0.7,0.3,0.6,2.4,1.7,9.6,-5.1,21.3,13,0,20.7,95,382,2,533,253,198,233,120,246,249,244,201,173,457,93,80,75,224,150,259,266,149,78,164,202,517,190,46,44,189,1,0.4549763033175355,0.0900473933649289,0.03317535545023696,0.2890995260663507,-5.1,-7.79752606635071,-6.386173848341231
200768,Kyle Lowry,Kyle,1610612755,PHI,39.0,35,14,21,0.4,18.8,1.2,3.3,0.35,0.8,2.5,0.33,0.8,0.9,0.818,0.3,1.6,1.9,2.7,0.6,0.9,0.3,0.2,1.8,1.1,3.9,-2.0,13.5,0,0,11.9,381,364,297,389,296,462,423,508,297,292,311,313,340,169,465,389,416,142,380,129,262,396,226,292,432,414,348,281,44,368,1,0.2074468085106383,0.14361702127659576,0.047872340425531915,0.10106382978723404,-2.0,-2.5436170212765954,-1.526170212765957
1629013,Landry Shamet,Landry,1610612752,NYK,28.0,50,30,20,0.6,15.2,2.1,4.6,0.461,1.2,3.1,0.397,0.2,0.4,0.667,0.2,1.0,1.2,0.5,0.4,0.5,0.0,0.2,1.0,0.7,5.7,1.8,9.1,0,0,9.7,283,196,318,168,361,355,359,238,201,240,92,493,488,438,508,460,488,483,442,375,513,361,408,383,358,131,438,281,44,411,1,0.37500000000000006,0.03289473684210526,0.03289473684210526,0.07894736842105263,1.8,5.396526315789474,2.15861052631579
1630322,Lindy Waters III,Lindy,1610612765,DET,27.0,52,27,25,0.519,15.0,1.8,4.8,0.369,1.2,3.6,0.344,0.2,0.2,0.727,0.4,1.7,2.1,1.0,0.4,0.5,0.2,0.2,1.2,0.3,4.9,0.3,10.8,0,0,10.7,267,232,256,257,369,393,346,493,202,202,262,516,524,349,435,376,399,384,462,347,354,409,381,500,384,216,399,281,44,392,2,0.3266666666666667,0.06666666666666667,0.03333333333333333,0.14,0.3,2.2890000000000006,1.1010090000000003
1628366,Lonzo Ball,Lonzo,1610612741,CHI,27.0,35,16,19,0.457,22.2,2.5,6.9,0.366,1.9,5.6,0.344,0.6,0.8,0.815,0.7,2.7,3.4,3.3,1.2,1.3,0.5,0.1,1.6,0.5,7.6,2.9,20.9,0,0,19.9,381,340,329,332,229,304,246,495,97,90,265,360,386,180,284,242,259,115,206,36,166,466,288,440,272,91,200,281,44,204,1,0.34234234234234234,0.14864864864864866,0.058558558558558564,0.15315315315315314,2.9,7.760594594594594,4.214002864864864
1628379,Luke Kennard,Luke,1610612763,MEM,29.0,65,37,28,0.569,22.6,3.2,6.6,0.478,1.7,4.0,0.433,0.8,0.9,0.895,0.6,2.2,2.8,3.3,1.1,0.8,0.1,0.2,0.9,0.7,8.9,1.9,18.6,0,0,18.4,162,124,209,215,223,239,260,181,125,172,32,309,358,45,347,308,328,114,223,214,483,425,442,392,232,126,253,281,44,238,1,0.3938053097345133,0.14601769911504422,0.035398230088495575,0.1238938053097345,1.9,5.946141592920354,2.5627870265486727
1628436,Luke Kornet,Luke,1610612738,BOS,29.0,73,53,20,0.726,18.6,2.6,3.8,0.668,0.0,0.0,0.0,0.9,1.3,0.691,2.6,2.7,5.3,1.6,0.4,0.5,1.0,0.3,1.6,1.4,6.0,5.5,18.8,3,0,15.9,86,17,318,65,307,301,391,16,499,535,499,277,261,406,31,234,111,272,450,363,49,316,269,215,341,28,246,134,44,287,1,0.3225806451612903,0.08602150537634408,0.026881720430107524,0.28494623655913975,5.5,13.146494623655913,3.6021395268817207
203935,Marcus Smart,Marcus,1610612764,WAS,31.0,34,17,17,0.5,20.0,3.0,7.6,0.393,1.4,4.1,0.348,1.6,2.1,0.761,0.5,1.6,2.1,3.2,1.6,1.1,0.3,0.3,1.6,2.0,9.0,1.2,19.0,0,0,18.6,387,323,360,266,270,260,215,456,174,164,253,160,158,294,371,392,398,119,125,68,302,334,295,132,227,155,238,281,44,235,2,0.45,0.16,0.05500000000000001,0.10500000000000001,1.2,4.678,2.339
203486,Mason Plumlee,Mason,1610612756,PHX,35.0,74,33,41,0.446,17.6,1.7,2.7,0.619,0.0,0.1,0.0,1.1,1.7,0.648,1.6,4.6,6.1,1.8,0.8,0.4,0.6,0.4,2.1,1.5,4.5,0.7,17.0,2,0,14.6,71,166,54,352,321,401,466,33,499,529,499,233,203,458,92,79,73,238,313,386,109,260,154,203,396,180,281,159,44,317,1,0.2556818181818182,0.10227272727272727,0.022727272727272728,0.34659090909090906,0.7,3.3826363636363634,1.8739805454545455
1641824,Matas Buzelis,Matas,1610612741,CHI,20.0,80,39,41,0.488,18.9,3.2,6.9,0.454,1.2,3.3,0.361,1.1,1.4,0.815,0.7,2.8,3.5,1.0,0.9,0.4,0.9,0.4,1.6,1.0,8.6,-0.4,17.2,1,0,16.9,16,100,54,299,294,242,247,266,209,221,205,240,258,180,298,225,246,396,273,424,56,252,279,300,248,276,276,198,44,269,1,0.45502645502645506,0.052910052910052914,0.021164021164021166,0.1851851851851852,-0.4,1.3524126984126983,0.6924353015873015
1628467,Maxi Kleber,Maxi,1610612747,LAL,33.0,34,18,16,0.529,18.7,1.1,2.8,0.385,0.4,1.4,0.265,0.5,0.6,0.762,0.7,2.1,2.8,1.3,0.7,0.3,0.5,0.2,1.9,0.9,3.0,-0.5,9.9,0,0,9.0,387,312,369,249,303,468,460,471,400,381,429,415,425,288,279,334,332,334,354,468,149,390,184,337,466,283,421,281,44,425,1,0.16042780748663102,0.06951871657754011,0.016042780748663103,0.1497326203208556,-0.5,0.1871390374331552,0.08814248663101609
1630695,Micah Potter,Micah,1610612762,UTA,27.0,38,10,28,0.263,18.6,1.5,3.6,0.422,0.8,2.6,0.316,0.4,0.5,0.85,1.1,3.2,4.3,0.8,0.8,0.4,0.4,0.1,1.3,0.7,4.3,-2.7,12.1,0,0,11.7,357,419,209,483,310,425,410,382,301,290,347,422,445,106,157,171,168,430,307,422,233,454,353,395,408,445,376,281,44,372,1,0.2311827956989247,0.04301075268817204,0.02150537634408602,0.2311827956989247,-2.7,-3.924236559139785,-2.892162344086022
201144,Mike Conley,Mike,1610612750,MIN,37.0,71,44,27,0.62,24.7,2.6,6.6,0.4,1.8,4.4,0.41,1.1,1.3,0.9,0.5,2.1,2.6,4.5,1.1,1.1,0.2,0.3,1.6,1.4,8.2,3.7,20.9,1,0,19.7,108,62,222,140,186,293,262,449,118,149,59,223,268,42,409,329,356,65,234,73,369,346,291,218,260,72,201,198,44,208,1,0.33198380566801616,0.18218623481781376,0.04453441295546559,0.10526315789473685,3.7,9.354655870445345,3.554769230769231
1630540,Miles McBride,Miles,1610612752,NYK,24.0,64,39,25,0.609,24.9,3.5,8.5,0.406,1.8,4.9,0.369,0.8,1.0,0.813,0.7,1.8,2.5,2.9,0.6,1.0,0.3,0.5,1.7,1.1,9.5,3.3,20.2,0,0,19.4,170,100,256,156,184,205,170,430,115,120,176,294,314,186,280,367,362,130,366,91,301,168,248,287,203,78,212,281,44,214,1,0.3815261044176707,0.11646586345381527,0.040160642570281124,0.10040160642570281,3.3,8.564232931726908,3.348615076305221
1629021,Moritz Wagner,Moritz,1610612753,ORL,28.0,30,18,12,0.6,18.8,4.7,8.3,0.562,0.9,2.5,0.36,2.6,3.7,0.718,1.3,3.6,4.9,1.4,1.6,0.8,0.4,0.5,1.8,3.2,12.9,-0.6,22.9,1,0,22.5,409,312,414,168,300,138,179,61,285,293,210,78,73,369,118,126,133,309,117,199,217,197,212,62,126,291,168,198,44,156,1,0.6861702127659575,0.07446808510638298,0.0425531914893617,0.26063829787234044,-0.6,1.9151914893617024,0.766076595744681
1630541,Moses Moody,Moses,1610612744,GSW,23.0,74,45,29,0.608,22.3,3.3,7.7,0.433,1.7,4.6,0.374,1.4,1.8,0.797,0.7,1.9,2.6,1.3,0.7,0.8,0.4,0.5,1.6,1.4,9.8,1.8,17.7,0,0,17.8,71,56,188,157,227,219,208,336,138,139,158,176,189,226,290,359,357,328,330,203,208,184,290,219,199,130,268,281,44,250,1,0.43946188340807174,0.05829596412556054,0.03587443946188341,0.11659192825112108,1.8,5.656318385650224,2.217276807174888
1631243,Mouhamed Gueye,Mouhamed,1610612737,ATL,22.0,33,15,18,0.455,16.1,2.2,5.2,0.421,0.6,2.5,0.259,1.0,1.3,0.762,1.3,2.9,4.2,0.8,0.5,0.8,1.0,0.3,1.7,0.9,6.0,2.6,17.3,2,0,15.3,390,349,345,339,348,349,318,388,341,303,430,264,267,288,118,210,178,429,436,176,42,270,258,324,346,100,271,159,44,299,1,0.37267080745341613,0.049689440993788817,0.049689440993788817,0.2608695652173913,2.6,7.198639751552795,3.923258664596273
1631217,Moussa Diabaté,Moussa,1610612766,CHA,23.0,71,15,56,0.211,17.5,2.4,3.9,0.596,0.0,0.1,0.0,1.0,1.6,0.595,2.6,3.5,6.2,0.8,0.9,0.6,0.6,0.3,1.5,1.6,5.7,-1.7,17.0,7,0,15.1,108,349,7,517,325,332,388,42,499,525,499,263,215,489,29,134,71,437,294,280,124,269,306,182,360,396,282,87,44,305,1,0.32571428571428573,0.045714285714285714,0.03428571428571429,0.3542857142857143,-1.7,-1.3125714285714283,-1.035618857142857
1630208,Nick Richards,Nick,1610612756,PHX,27.0,57,17,40,0.298,22.0,3.6,6.1,0.591,0.0,0.0,0.0,2.1,2.8,0.744,2.6,5.6,8.2,0.9,1.4,0.2,1.0,0.9,2.5,2.1,9.3,-4.1,22.6,16,0,20.7,232,323,59,459,231,200,286,44,499,536,499,106,106,331,32,39,30,422,149,478,52,44,61,131,213,501,176,35,44,186,2,0.4227272727272728,0.04090909090909091,0.009090909090909092,0.3727272727272727,-4.1,-5.868090909090909,-4.119399818181818
1641733,Nick Smith Jr.,Nick,1610612766,CHA,21.0,60,14,46,0.233,22.8,3.7,9.5,0.391,1.7,5.1,0.34,0.7,0.8,0.935,0.2,1.9,2.1,2.4,1.4,0.3,0.1,0.4,1.3,0.7,9.9,-6.6,15.8,1,0,16.9,206,364,32,505,217,187,144,462,130,106,279,338,388,25,509,354,397,163,162,464,457,235,352,399,197,543,305,198,44,268,1,0.4342105263157895,0.10526315789473684,0.013157894736842105,0.09210526315789473,-6.6,-11.177421052631578,-8.57308194736842
201587,Nicolas Batum,Nicolas,1610612746,LAC,36.0,78,47,31,0.603,17.5,1.3,3.1,0.437,1.1,2.6,0.433,0.2,0.3,0.81,0.6,2.2,2.8,1.1,0.4,0.7,0.5,0.1,1.4,0.3,4.0,1.9,11.9,0,0,11.3,35,36,158,165,323,443,446,323,227,287,27,500,515,199,334,321,331,368,445,259,175,506,330,518,428,123,378,281,44,381,1,0.22857142857142856,0.06285714285714286,0.04,0.16,1.9,5.288428571428572,2.099506142857143
1641730,Noah Clowney,Noah,1610612751,BKN,20.0,46,11,35,0.239,22.7,2.9,8.1,0.358,1.9,5.7,0.333,1.5,1.7,0.838,0.9,3.0,3.9,0.9,1.0,0.5,0.5,0.6,2.3,1.8,9.1,-5.7,17.1,0,0,17.8,307,407,116,502,222,269,187,501,102,83,297,173,202,125,215,196,196,419,250,344,181,124,102,161,215,534,277,281,44,249,1,0.4008810572687225,0.039647577092511016,0.022026431718061675,0.17180616740088106,-5.7,-9.544202643171806,-7.263138211453744
1630167,Obi Toppin,Obi,1610612754,IND,27.0,79,48,31,0.608,19.6,4.0,7.6,0.529,1.4,3.8,0.365,1.1,1.4,0.781,0.7,3.3,4.0,1.6,0.9,0.6,0.4,0.3,1.4,1.1,10.5,-1.0,19.8,2,0,19.5,23,30,158,160,283,166,212,83,182,184,188,229,242,249,286,159,190,269,293,314,242,292,340,279,172,332,223,159,44,212,1,0.5357142857142857,0.08163265306122448,0.03061224489795918,0.2040816326530612,-1.0,0.5647142857142856,0.22136799999999998
1631115,Orlando Robinson,Orlando,1610612761,TOR,24.0,44,23,21,0.523,17.5,2.6,5.9,0.444,0.4,1.2,0.327,1.2,1.6,0.771,2.0,3.0,5.0,1.8,1.1,0.4,0.4,0.6,2.3,1.2,6.9,-2.0,16.6,4,0,15.5,322,265,297,253,324,292,291,293,399,400,316,211,221,270,54,200,125,247,219,415,237,132,105,257,304,406,289,116,44,295,2,0.3942857142857143,0.10285714285714286,0.022857142857142857,0.2857142857142857,-2.0,-1.8359999999999999,-0.8757719999999999
1642345,Oso Ighodaro,Oso,1610612756,PHX,22.0,61,25,36,0.41,17.1,1.9,3.1,0.604,0.0,0.0,0.0,0.5,0.8,0.58,1.1,2.6,3.6,1.2,0.6,0.5,0.5,0.2,1.7,0.8,4.2,-0.3,12.5,0,0,10.9,201,252,106,384,330,384,445,37,499,538,499,413,372,495,170,253,231,350,368,379,170,357,256,358,415,264,372,281,44,387,1,0.24561403508771928,0.07017543859649122,0.029239766081871343,0.21052631578947367,-0.3,1.1501988304093567,0.6786173099415205
1630172,Patrick Williams,Patrick,1610612741,CHI,23.0,63,31,32,0.492,25.0,3.3,8.2,0.397,1.5,4.3,0.353,1.0,1.3,0.723,0.7,3.1,3.8,2.0,1.4,0.8,0.5,0.6,1.4,1.1,9.0,-2.9,18.9,1,0,18.8,185,186,143,293,179,227,183,452,162,153,235,267,263,361,303,186,216,220,163,217,147,135,336,290,226,454,242,198,44,227,1,0.36,0.08,0.032,0.152,-2.9,-3.946999999999999,-2.0050759999999994
1631212,Peyton Watson,Peyton,1610612743,DEN,22.0,68,40,28,0.588,24.3,3.0,6.3,0.477,0.7,2.0,0.353,1.4,2.0,0.693,0.7,2.7,3.4,1.4,0.8,0.7,1.4,0.5,1.8,1.4,8.1,-0.4,19.7,0,0,17.8,138,89,209,186,196,255,277,189,322,333,235,184,164,401,297,229,250,313,304,242,20,158,219,225,262,270,227,281,44,251,1,0.3333333333333333,0.05761316872427983,0.028806584362139915,0.13991769547325103,-0.4,0.9897572016460904,0.40777996707818925
1630173,Precious Achiuwa,Precious,1610612752,NYK,25.0,57,36,21,0.632,20.5,2.9,5.7,0.502,0.2,0.6,0.278,0.7,1.2,0.594,1.8,3.8,5.6,1.0,0.8,0.8,0.7,0.4,1.4,0.9,6.6,-0.8,18.7,3,0,16.5,232,136,297,115,262,271,301,122,460,469,412,336,277,490,75,113,104,401,314,188,79,214,331,326,312,317,252,134,44,275,1,0.32195121951219513,0.04878048780487805,0.03902439024390244,0.27317073170731704,-0.8,0.3166341463414635,0.11652136585365856
1642366,Quinten Post,Quinten,1610612744,GSW,25.0,42,26,16,0.619,16.3,2.9,6.5,0.449,1.7,4.3,0.408,0.5,0.6,0.778,0.8,2.7,3.5,1.3,0.8,0.4,0.4,0.4,2.0,0.6,8.1,1.0,16.0,0,0,16.3,330,240,369,141,344,266,266,278,126,158,64,400,417,252,249,236,242,322,316,417,201,237,176,422,263,167,302,281,44,280,1,0.4969325153374233,0.07975460122699386,0.024539877300613498,0.21472392638036808,1.0,4.363110429447852,1.6623450736196317
1626158,Richaun Holmes,Richaun,1610612764,WAS,31.0,31,9,22,0.29,17.2,2.9,4.5,0.647,0.0,0.1,0.0,1.6,1.9,0.833,2.0,3.7,5.7,1.4,0.7,0.3,0.7,0.3,1.6,1.7,7.4,-1.2,18.7,3,0,16.5,402,434,288,462,329,268,365,24,499,522,499,153,177,131,55,119,92,317,353,459,77,287,284,171,277,359,249,134,44,273,1,0.4302325581395349,0.0813953488372093,0.01744186046511628,0.33139534883720934,-1.2,0.06676744186046535,0.047404883720930394
1641741,Ricky Council IV,Ricky,1610612755,PHI,23.0,73,16,57,0.219,17.1,2.4,6.3,0.382,0.8,2.9,0.258,1.7,2.1,0.804,0.7,2.2,2.9,1.3,0.7,0.4,0.2,0.3,0.9,1.6,7.3,-2.2,13.9,3,0,13.5,86,340,4,515,331,321,274,478,310,259,435,140,155,207,292,311,316,326,342,396,384,266,435,185,280,422,339,134,44,339,1,0.4269005847953216,0.07602339181286549,0.023391812865497075,0.1695906432748538,-2.2,-2.3688771929824566,-1.8500930877192987
1641842,Ronald Holland II,Ronald,1610612765,DET,19.0,81,44,37,0.543,15.6,2.4,5.1,0.474,0.4,1.9,0.238,1.1,1.5,0.754,0.5,2.2,2.7,1.0,0.9,0.6,0.2,0.3,1.7,1.4,6.4,-0.7,12.7,0,0,12.2,12,62,96,235,354,319,321,199,383,350,451,226,231,303,388,319,344,383,280,300,357,319,234,224,326,303,365,281,44,364,1,0.4102564102564103,0.06410256410256411,0.038461538461538464,0.1730769230769231,-0.7,0.6829743589743591,0.3121192820512821
1626220,Royce O'Neale,Royce,1610612756,PHX,32.0,75,33,42,0.44,24.5,3.2,7.6,0.423,2.4,5.9,0.406,0.3,0.3,0.731,0.7,3.9,4.7,2.2,0.9,0.9,0.4,0.3,2.0,0.4,9.1,-2.1,21.0,1,0,20.9,59,166,47,356,191,234,211,380,50,70,68,487,495,347,287,106,149,193,290,154,196,347,168,467,220,416,196,198,44,185,1,0.37142857142857144,0.08979591836734695,0.036734693877551024,0.19183673469387755,-2.1,-2.2178163265306123,-1.2419771428571431
1642346,Ryan Dunn,Ryan,1610612756,PHX,22.0,74,32,42,0.432,19.1,2.8,6.4,0.43,1.1,3.6,0.311,0.3,0.5,0.487,1.2,2.4,3.6,0.8,0.5,0.6,0.5,0.3,2.2,0.4,6.9,-2.3,15.3,3,0,14.7,71,179,47,363,293,281,269,349,231,204,362,486,444,529,136,289,235,440,409,309,132,320,125,477,303,426,318,134,44,316,1,0.3612565445026178,0.041884816753926704,0.031413612565445025,0.18848167539267013,-2.3,-2.751151832460732,-1.562654240837696
1630573,Sam Hauser,Sam,1610612738,BOS,27.0,71,52,19,0.732,21.7,3.0,6.7,0.451,2.3,5.6,0.416,0.2,0.2,1.0,0.6,2.5,3.2,0.9,0.3,0.6,0.2,0.1,1.2,0.4,8.5,4.6,15.6,0,0,16.4,108,19,329,62,237,253,258,273,54,87,49,515,535,1,331,260,287,411,489,318,379,512,374,469,249,44,310,281,44,276,1,0.391705069124424,0.041474654377880185,0.027649769585253454,0.14746543778801843,4.6,11.111829493087559,2.977970304147466
1630241,Sam Merrill,Sam,1610612739,CLE,29.0,71,54,17,0.761,19.7,2.4,6.0,0.406,1.9,5.2,0.372,0.4,0.4,0.966,0.5,1.7,2.2,1.5,0.5,0.7,0.2,0.2,1.7,0.8,7.2,4.5,14.4,0,0,14.7,108,16,360,54,278,323,289,431,95,102,165,439,475,23,366,387,390,285,422,226,369,385,231,357,289,47,328,281,44,312,1,0.3654822335025381,0.07614213197969544,0.03553299492385787,0.11167512690355332,4.5,10.837472081218275,2.5901558274111673
1630590,Scotty Pippen Jr.,Scotty,1610612763,MEM,24.0,79,46,33,0.582,21.3,3.6,7.5,0.48,1.1,2.8,0.397,1.5,2.2,0.713,0.8,2.5,3.3,4.4,1.7,1.3,0.4,0.5,2.6,2.4,9.9,0.6,23.7,9,1,22.0,23,45,130,200,245,199,219,179,235,271,94,165,148,379,255,276,275,73,101,43,228,152,45,112,196,192,159,71,20,165,1,0.4647887323943662,0.20657276995305165,0.06103286384976526,0.15492957746478872,0.6,3.764507042253521,1.573563943661972
203552,Seth Curry,Seth,1610612766,CHA,34.0,68,17,51,0.25,15.6,2.4,5.0,0.478,1.2,2.7,0.456,0.5,0.6,0.846,0.4,1.3,1.7,0.9,0.5,0.4,0.1,0.1,0.9,0.8,6.5,-2.5,10.9,0,0,11.3,138,323,16,489,356,325,328,180,205,281,15,409,434,113,448,426,437,416,428,410,453,481,449,361,320,441,396,281,44,379,1,0.4166666666666667,0.057692307692307696,0.025641025641025644,0.10897435897435898,-2.5,-2.9963589743589747,-2.247269230769231
1631323,Simone Fontecchio,Simone,1610612765,DET,29.0,75,38,37,0.507,16.5,2.0,5.0,0.402,1.0,3.0,0.335,0.9,1.1,0.833,0.7,2.2,2.9,0.9,0.7,0.4,0.2,0.2,1.3,0.9,5.9,0.2,11.7,0,0,11.8,59,110,96,264,340,364,334,440,254,252,294,272,291,131,296,322,324,420,336,404,403,361,362,323,347,221,384,281,44,369,1,0.3575757575757576,0.05454545454545455,0.024242424242424242,0.17575757575757575,0.2,2.2080606060606063,1.088573878787879
1629004,Svi Mykhailiuk,Svi,1610612762,UTA,28.0,38,6,32,0.158,20.0,3.1,7.9,0.391,1.8,5.3,0.345,0.7,0.9,0.8,0.6,1.8,2.4,2.0,1.4,0.5,0.2,0.4,1.1,0.8,8.8,-2.8,15.3,0,0,16.4,357,473,143,538,271,245,193,463,110,96,258,329,345,213,341,364,376,208,161,355,377,214,393,351,234,450,316,281,44,277,1,0.44000000000000006,0.1,0.025,0.12,-2.8,-3.5189999999999992,-2.9629979999999994
204456,T.J. McConnell,T.J.,1610612754,IND,33.0,79,49,30,0.62,17.9,4.1,7.9,0.519,0.2,0.6,0.306,0.7,1.0,0.74,0.6,1.9,2.4,4.4,1.4,1.1,0.3,0.5,1.0,1.2,9.1,-0.7,21.3,2,0,18.8,23,25,176,137,316,160,196,94,456,472,371,334,328,336,353,356,367,69,156,89,300,157,416,258,216,306,191,159,44,225,1,0.5083798882681565,0.24581005586592183,0.06145251396648046,0.1340782122905028,-0.7,1.392743016759777,0.5292423463687153
1631106,Tari Eason,Tari,1610612745,HOU,24.0,57,36,21,0.632,24.9,4.8,9.8,0.487,1.1,3.2,0.342,1.4,1.8,0.76,2.2,4.1,6.4,1.5,1.1,1.7,0.9,0.8,2.4,1.3,12.0,2.5,28.4,6,0,26.1,232,136,297,115,183,134,136,162,232,230,270,187,187,295,44,97,69,293,213,12,65,64,76,236,144,104,107,93,44,118,1,0.48192771084337355,0.06024096385542169,0.06827309236947791,0.25702811244979923,2.5,7.446839357429719,2.740436883534137
1629611,Terance Mann,Terance,1610612737,ATL,28.0,67,37,30,0.552,21.1,3.1,6.2,0.496,0.9,2.4,0.368,0.7,1.0,0.691,1.0,2.0,3.0,1.8,0.7,0.7,0.2,0.4,1.9,1.0,7.7,-1.4,16.1,0,0,15.2,147,124,176,227,254,249,283,141,288,304,178,344,313,405,181,347,309,239,347,244,333,217,190,315,270,379,298,281,44,301,2,0.36492890995260663,0.08530805687203791,0.03317535545023696,0.14218009478672985,-1.4,-0.8300663507109003,-0.3718697251184833
1642275,Tidjane Salaün,Tidjane,1610612766,CHA,19.0,60,12,48,0.2,20.7,1.9,5.8,0.33,1.0,3.4,0.283,1.1,1.6,0.713,1.2,3.5,4.7,1.2,1.0,0.5,0.2,0.5,1.4,1.3,5.9,-5.4,14.5,2,0,14.2,206,393,23,520,260,376,300,517,273,215,406,235,223,380,148,138,148,337,261,365,328,186,334,241,351,525,326,159,44,325,1,0.285024154589372,0.057971014492753624,0.024154589371980676,0.22705314009661837,-5.4,-9.223623188405798,-7.378898550724639
1631218,Trayce Jackson-Davis,Trayce,1610612744,GSW,25.0,62,33,29,0.532,15.6,2.8,4.9,0.576,0.0,0.0,0.0,1.0,1.6,0.578,2.0,3.0,5.0,1.7,0.7,0.4,0.6,0.7,1.2,1.2,6.6,-1.0,17.3,4,0,15.2,192,166,188,244,358,276,338,53,499,533,499,269,214,496,58,191,123,260,333,421,114,98,385,255,316,333,273,116,44,302,1,0.4230769230769231,0.10897435897435898,0.025641025641025644,0.32051282051282054,-1.0,0.434974358974359,0.203568
1630200,Tre Jones,Tre,1610612741,CHI,25.0,46,21,25,0.457,19.7,2.8,5.2,0.538,0.4,1.0,0.396,1.2,1.5,0.821,0.7,1.8,2.5,4.2,0.8,0.8,0.2,0.4,1.2,1.5,7.2,-0.7,18.8,1,0,16.3,307,280,256,333,280,280,319,74,389,417,100,215,240,166,307,360,361,81,321,197,343,231,380,209,287,302,248,198,44,279,2,0.3654822335025381,0.21319796954314724,0.04060913705583757,0.12690355329949238,-0.7,0.8689644670050765,0.47184770558375644
1630570,Trendon Watford,Trendon,1610612751,BKN,24.0,44,16,28,0.364,20.7,3.7,8.0,0.469,0.7,2.0,0.33,2.1,2.8,0.762,0.8,2.8,3.6,2.6,1.9,0.6,0.3,0.8,2.2,2.4,10.2,-1.5,19.3,1,0,18.9,322,340,209,419,259,184,191,216,336,333,311,105,109,287,246,224,232,149,88,293,293,59,129,107,183,385,233,198,44,223,1,0.49275362318840576,0.12560386473429952,0.028985507246376812,0.1739130434782609,-1.5,-0.5696473429951691,-0.3622957101449275
1626168,Trey Lyles,Trey,1610612758,SAC,29.0,69,34,35,0.493,19.6,2.3,5.4,0.42,1.2,3.4,0.34,0.8,1.2,0.7,1.2,3.4,4.6,1.2,0.6,0.6,0.3,0.2,1.2,1.1,6.5,-1.0,16.0,1,0,15.3,129,157,116,292,281,341,309,394,215,213,277,295,284,393,150,144,152,344,400,310,248,422,369,274,318,340,300,198,44,299,1,0.33163265306122447,0.06122448979591836,0.03061224489795918,0.23469387755102036,-1.0,-0.16673469387755108,-0.08453448979591839
1641783,Tristan da Silva,Tristan,1610612753,ORL,24.0,74,35,39,0.473,22.0,2.7,6.5,0.412,1.1,3.2,0.335,0.7,0.9,0.873,1.0,2.3,3.3,1.5,0.8,0.4,0.2,0.3,1.3,0.8,7.2,-1.7,14.8,1,0,14.5,71,149,68,311,233,287,265,411,243,229,295,325,363,80,194,298,269,284,322,386,320,281,360,359,285,395,324,198,44,320,1,0.32727272727272727,0.06818181818181818,0.018181818181818184,0.15,-1.7,-1.6834545454545458,-0.8871805454545456
1629660,Ty Jerome,Ty,1610612739,CLE,27.0,70,55,15,0.786,19.9,4.6,8.8,0.516,1.6,3.6,0.439,1.8,2.1,0.872,0.7,1.8,2.5,3.4,1.3,1.1,0.0,0.4,1.5,1.8,12.5,4.3,22.7,0,0,22.3,118,11,382,40,273,141,161,98,155,196,20,131,154,81,284,373,365,110,175,72,510,234,325,163,132,57,172,281,44,162,1,0.628140703517588,0.17085427135678394,0.05527638190954775,0.1256281407035176,4.3,11.578311557788945,2.477758673366834
1631213,Tyrese Martin,Tyrese,1610612751,BKN,26.0,60,16,44,0.267,21.9,3.2,7.8,0.406,1.7,4.7,0.351,0.8,1.0,0.793,1.0,2.7,3.7,2.0,1.2,0.6,0.2,0.3,1.3,0.8,8.7,-4.3,17.1,1,0,17.5,206,340,42,480,235,242,204,424,146,128,243,315,332,230,201,237,230,205,190,321,415,348,358,345,239,505,278,198,44,255,1,0.3972602739726027,0.09132420091324202,0.027397260273972605,0.16894977168949774,-4.3,-6.595826484018265,-4.834740812785388
203995,Vasilije Micic,Vasilije,1610612756,PHX,31.0,41,8,33,0.195,19.1,2.3,6.7,0.348,1.1,3.0,0.36,0.8,1.0,0.829,0.5,1.7,2.2,3.1,1.9,0.4,0.0,0.6,1.1,1.2,6.6,-3.0,13.1,1,0,13.7,336,445,130,526,292,338,259,510,238,250,210,289,314,142,391,386,394,123,90,423,519,147,399,268,317,456,354,198,44,337,2,0.34554973821989526,0.16230366492146597,0.020942408376963352,0.11518324607329843,-3.0,-4.133675392670157,-3.327608691099476
1630249,Vít Krejčí,Vít,1610612737,ATL,25.0,57,28,29,0.491,20.2,2.5,5.1,0.497,1.6,3.6,0.437,0.6,0.8,0.711,0.4,2.4,2.7,2.6,0.9,0.6,0.5,0.1,1.8,0.7,7.2,-1.2,16.8,1,0,16.3,232,220,188,295,267,303,323,139,156,197,23,387,379,382,434,291,337,154,285,287,183,448,207,384,283,358,286,198,44,282,1,0.3564356435643565,0.12871287128712872,0.0297029702970297,0.13366336633663367,-1.2,-0.3831980198019801,-0.19504779207920786
1642258,Zaccharie Risacher,Zaccharie,1610612737,ATL,20.0,75,38,37,0.507,24.6,4.8,10.4,0.458,1.6,4.6,0.355,1.4,2.0,0.711,1.1,2.4,3.6,1.2,1.2,0.7,0.5,0.7,2.0,1.4,12.6,-1.6,21.0,1,0,21.4,59,110,96,264,188,135,120,248,150,136,228,180,172,381,154,280,238,339,191,250,159,91,171,217,131,389,197,198,44,179,1,0.5121951219512195,0.048780487804878044,0.028455284552845524,0.14634146341463414,-1.6,-0.9046016260162604,-0.44596860162601637
1628380,Zach Collins,Zach,1610612741,CHI,27.0,64,34,30,0.531,15.3,2.4,4.7,0.507,0.5,1.7,0.302,1.1,1.2,0.885,1.6,2.9,4.5,1.7,0.9,0.5,0.5,0.3,2.1,1.3,6.4,-0.5,16.1,4,0,14.9,170,157,176,246,360,329,351,115,366,371,378,243,276,59,88,207,157,250,269,381,185,305,160,242,330,278,297,116,44,307,2,0.41830065359477125,0.1111111111111111,0.032679738562091505,0.29411764705882354,-0.5,1.3436013071895427,0.6301490130718955
1641744,Zach Edey,Zach,1610612763,MEM,23.0,66,35,31,0.53,21.5,3.8,6.6,0.58,0.3,0.8,0.346,1.4,1.9,0.709,3.5,4.8,8.3,1.0,1.3,0.5,1.3,0.5,2.8,1.8,9.2,2.5,24.9,12,0,22.5,156,149,158,248,243,178,263,51,428,457,255,189,178,387,8,67,27,398,169,336,24,195,30,159,214,107,142,53,44,158,1,0.42790697674418604,0.046511627906976744,0.023255813953488372,0.386046511627907,2.5,7.389302325581395,3.4729720930232557
1630533,Ziaire Williams,Ziaire,1610612751,BKN,23.0,63,22,41,0.349,24.5,3.4,8.3,0.412,1.6,4.8,0.341,1.6,2.0,0.821,1.0,3.6,4.6,1.3,1.1,1.0,0.4,0.6,2.4,1.8,10.0,-5.2,20.7,2,0,20.4,185,274,54,433,192,210,181,413,149,125,275,156,175,165,200,129,153,322,233,116,192,126,80,151,192,521,205,159,44,192,1,0.40816326530612246,0.05306122448979592,0.04081632653061224,0.1877551020408163,-5.2,-8.388,-5.460588
